timeStamp,elapsed,label,responseCode,responseMessage,threadName,dataType,success,failureMessage,bytes,sentBytes,grpThreads,allThreads,URL,Latency,IdleTime,Connect
1734944182304,228,Homepage visit,200,OK,BasicTest 1-1,text,true,,10931,283,6,6,http://localhost:8080/;jsessionid=node01gdsynn5jspcr8trt0ciz02kn2.node0?0,214,0,8
1734944182304,217,Homepage visit-0,302,Found,BasicTest 1-1,,true,,590,116,6,6,http://localhost:8080/,214,0,8
1734944182522,10,Homepage visit-1,200,OK,BasicTest 1-1,text,true,,10341,167,6,6,http://localhost:8080/;jsessionid=node01gdsynn5jspcr8trt0ciz02kn2.node0?0,9,0,0
1734944182368,164,Homepage visit,200,OK,BasicTest 1-3,text,true,,10931,283,6,6,http://localhost:8080/;jsessionid=node0gl2dc243vdnt1jycay2yu6k3i3.node0?0,150,0,1
1734944182368,153,Homepage visit-0,302,Found,BasicTest 1-3,,true,,590,116,6,6,http://localhost:8080/,150,0,1
1734944182522,10,Homepage visit-1,200,OK,BasicTest 1-3,text,true,,10341,167,6,6,http://localhost:8080/;jsessionid=node0gl2dc243vdnt1jycay2yu6k3i3.node0?0,9,0,0
1734944182317,215,Homepage visit,200,OK,BasicTest 1-2,text,true,,10931,283,6,6,http://localhost:8080/;jsessionid=node01mi8kqn4w7x3mdovvkmu70v2l1.node0?0,201,0,1
1734944182317,204,Homepage visit-0,302,Found,BasicTest 1-2,,true,,590,116,6,6,http://localhost:8080/,201,0,1
1734944182522,10,Homepage visit-1,200,OK,BasicTest 1-2,text,true,,10341,167,6,6,http://localhost:8080/;jsessionid=node01mi8kqn4w7x3mdovvkmu70v2l1.node0?0,9,0,0
1734944182424,115,Homepage visit,200,OK,BasicTest 1-4,text,true,,10936,284,3,3,http://localhost:8080/;jsessionid=node018wloaaydubio1knbxls2k6awo4.node0?0,111,0,0
1734944182424,111,Homepage visit-0,302,Found,BasicTest 1-4,,true,,592,116,3,3,http://localhost:8080/,111,0,0
1734944182535,4,Homepage visit-1,200,OK,BasicTest 1-4,text,true,,10344,168,3,3,http://localhost:8080/;jsessionid=node018wloaaydubio1knbxls2k6awo4.node0?0,4,0,0
1734944182475,67,Homepage visit,200,OK,BasicTest 1-5,text,true,,10926,282,2,2,http://localhost:8080/;jsessionid=node0kygrgcwheqqo1yu6nvaammdq5.node0?0,64,0,1
1734944182475,64,Homepage visit-0,302,Found,BasicTest 1-5,,true,,588,116,2,2,http://localhost:8080/,64,0,1
1734944182539,3,Homepage visit-1,200,OK,BasicTest 1-5,text,true,,10338,166,2,2,http://localhost:8080/;jsessionid=node0kygrgcwheqqo1yu6nvaammdq5.node0?0,2,0,0
1734944182529,34,Homepage visit,200,OK,BasicTest 1-6,text,true,,10931,283,1,1,http://localhost:8080/;jsessionid=node06tvemzpgdd3s19plwjd58numj6.node0?0,30,0,1
1734944182529,30,Homepage visit-0,302,Found,BasicTest 1-6,,true,,590,116,1,1,http://localhost:8080/,30,0,1
1734944182559,4,Homepage visit-1,200,OK,BasicTest 1-6,text,true,,10341,167,1,1,http://localhost:8080/;jsessionid=node06tvemzpgdd3s19plwjd58numj6.node0?0,4,0,0
1734944182584,31,Homepage visit,200,OK,BasicTest 1-7,text,true,,10926,282,1,1,http://localhost:8080/;jsessionid=node01q5exvegjklujcfmk5thvmn37.node0?0,27,0,1
1734944182584,27,Homepage visit-0,302,Found,BasicTest 1-7,,true,,588,116,1,1,http://localhost:8080/,27,0,1
1734944182611,4,Homepage visit-1,200,OK,BasicTest 1-7,text,true,,10338,166,1,1,http://localhost:8080/;jsessionid=node01q5exvegjklujcfmk5thvmn37.node0?0,4,0,0
1734944182636,27,Homepage visit,200,OK,BasicTest 1-8,text,true,,10931,283,1,1,http://localhost:8080/;jsessionid=node01ap2d44qibtqsjmwardjr79t58.node0?0,25,0,0
1734944182636,25,Homepage visit-0,302,Found,BasicTest 1-8,,true,,590,116,1,1,http://localhost:8080/,25,0,0
1734944182662,1,Homepage visit-1,200,OK,BasicTest 1-8,text,true,,10341,167,1,1,http://localhost:8080/;jsessionid=node01ap2d44qibtqsjmwardjr79t58.node0?0,1,0,0
1734944182688,29,Homepage visit,200,OK,BasicTest 1-9,text,true,,10931,283,1,1,http://localhost:8080/;jsessionid=node0iksbaz4ahr2q19k4kjr05feld9.node0?0,27,0,1
1734944182688,27,Homepage visit-0,302,Found,BasicTest 1-9,,true,,590,116,1,1,http://localhost:8080/,27,0,1
1734944182715,2,Homepage visit-1,200,OK,BasicTest 1-9,text,true,,10341,167,1,1,http://localhost:8080/;jsessionid=node0iksbaz4ahr2q19k4kjr05feld9.node0?0,2,0,0
1734944182743,24,Homepage visit,200,OK,BasicTest 1-10,text,true,,10931,283,1,1,http://localhost:8080/;jsessionid=node0fyobdgeya8lansbqsrsu4vci10.node0?0,22,0,1
1734944182743,22,Homepage visit-0,302,Found,BasicTest 1-10,,true,,590,116,1,1,http://localhost:8080/,22,0,1
1734944182766,1,Homepage visit-1,200,OK,BasicTest 1-10,text,true,,10341,167,1,1,http://localhost:8080/;jsessionid=node0fyobdgeya8lansbqsrsu4vci10.node0?0,1,0,0
1734944182798,29,Homepage visit,200,OK,BasicTest 1-11,text,true,,10931,283,1,1,http://localhost:8080/;jsessionid=node0u9uet2c8ep39bnthd9f3fau311.node0?0,24,0,1
1734944182798,24,Homepage visit-0,302,Found,BasicTest 1-11,,true,,590,116,1,1,http://localhost:8080/,24,0,1
1734944182822,5,Homepage visit-1,200,OK,BasicTest 1-11,text,true,,10341,167,1,1,http://localhost:8080/;jsessionid=node0u9uet2c8ep39bnthd9f3fau311.node0?0,5,0,0
1734944182852,31,Homepage visit,200,OK,BasicTest 1-12,text,true,,10941,285,1,1,http://localhost:8080/;jsessionid=node010qv54vlu8k0u1bzfn38bxiru012.node0?0,29,0,1
1734944182852,29,Homepage visit-0,302,Found,BasicTest 1-12,,true,,594,116,1,1,http://localhost:8080/,29,0,1
1734944182881,2,Homepage visit-1,200,OK,BasicTest 1-12,text,true,,10347,169,1,1,http://localhost:8080/;jsessionid=node010qv54vlu8k0u1bzfn38bxiru012.node0?0,2,0,0
1734944182903,31,Homepage visit,200,OK,BasicTest 1-13,text,true,,10936,284,1,1,http://localhost:8080/;jsessionid=node01ik6bv631s788dc75wipvkx0g13.node0?0,29,0,1
1734944182903,29,Homepage visit-0,302,Found,BasicTest 1-13,,true,,592,116,1,1,http://localhost:8080/,29,0,1
1734944182932,2,Homepage visit-1,200,OK,BasicTest 1-13,text,true,,10344,168,1,1,http://localhost:8080/;jsessionid=node01ik6bv631s788dc75wipvkx0g13.node0?0,2,0,0
1734944182955,27,Homepage visit,200,OK,BasicTest 1-14,text,true,,10936,284,1,1,http://localhost:8080/;jsessionid=node01bzkrvzendu0ksy9sw4yl81p814.node0?0,25,0,1
1734944182955,25,Homepage visit-0,302,Found,BasicTest 1-14,,true,,592,116,1,1,http://localhost:8080/,25,0,1
1734944182980,2,Homepage visit-1,200,OK,BasicTest 1-14,text,true,,10344,168,1,1,http://localhost:8080/;jsessionid=node01bzkrvzendu0ksy9sw4yl81p814.node0?0,2,0,0
1734944183010,24,Homepage visit,200,OK,BasicTest 1-15,text,true,,10926,282,1,1,http://localhost:8080/;jsessionid=node0aorkaknzp4pghn4h0oxolnu15.node0?0,21,0,0
1734944183010,21,Homepage visit-0,302,Found,BasicTest 1-15,,true,,588,116,1,1,http://localhost:8080/,21,0,0
1734944183031,3,Homepage visit-1,200,OK,BasicTest 1-15,text,true,,10338,166,1,1,http://localhost:8080/;jsessionid=node0aorkaknzp4pghn4h0oxolnu15.node0?0,3,0,0
1734944183065,23,Homepage visit,200,OK,BasicTest 1-16,text,true,,10936,284,1,1,http://localhost:8080/;jsessionid=node09jl17atzrwep1wob9rfszbvms16.node0?0,21,0,1
1734944183065,21,Homepage visit-0,302,Found,BasicTest 1-16,,true,,592,116,1,1,http://localhost:8080/,21,0,1
1734944183086,2,Homepage visit-1,200,OK,BasicTest 1-16,text,true,,10344,168,1,1,http://localhost:8080/;jsessionid=node09jl17atzrwep1wob9rfszbvms16.node0?0,2,0,0
1734944183116,20,Homepage visit,200,OK,BasicTest 1-17,text,true,,10941,285,1,1,http://localhost:8080/;jsessionid=node019pb1zpavz6191qfpwidhy6lle17.node0?0,18,0,0
1734944183116,18,Homepage visit-0,302,Found,BasicTest 1-17,,true,,594,116,1,1,http://localhost:8080/,18,0,0
1734944183135,1,Homepage visit-1,200,OK,BasicTest 1-17,text,true,,10347,169,1,1,http://localhost:8080/;jsessionid=node019pb1zpavz6191qfpwidhy6lle17.node0?0,1,0,0
1734944183168,21,Homepage visit,200,OK,BasicTest 1-18,text,true,,10941,285,1,1,http://localhost:8080/;jsessionid=node01ob7kigke6fj0108z6t4o0uizk18.node0?0,19,0,0
1734944183168,19,Homepage visit-0,302,Found,BasicTest 1-18,,true,,594,116,1,1,http://localhost:8080/,19,0,0
1734944183187,2,Homepage visit-1,200,OK,BasicTest 1-18,text,true,,10347,169,1,1,http://localhost:8080/;jsessionid=node01ob7kigke6fj0108z6t4o0uizk18.node0?0,2,0,0
1734944183223,20,Homepage visit,200,OK,BasicTest 1-19,text,true,,10931,283,1,1,http://localhost:8080/;jsessionid=node0a35spzrudfkk1mpg3w0gvi3c19.node0?0,18,0,0
1734944183223,18,Homepage visit-0,302,Found,BasicTest 1-19,,true,,590,116,1,1,http://localhost:8080/,18,0,0
1734944183241,2,Homepage visit-1,200,OK,BasicTest 1-19,text,true,,10341,167,1,1,http://localhost:8080/;jsessionid=node0a35spzrudfkk1mpg3w0gvi3c19.node0?0,2,0,0
1734944183279,21,Homepage visit,200,OK,BasicTest 1-20,text,true,,10941,285,1,1,http://localhost:8080/;jsessionid=node01kz2a8j08gt3v1nazg1uc8iz1o20.node0?0,19,0,1
1734944183279,19,Homepage visit-0,302,Found,BasicTest 1-20,,true,,594,116,1,1,http://localhost:8080/,19,0,1
1734944183298,2,Homepage visit-1,200,OK,BasicTest 1-20,text,true,,10347,169,1,1,http://localhost:8080/;jsessionid=node01kz2a8j08gt3v1nazg1uc8iz1o20.node0?0,1,0,0
1734944183331,22,Homepage visit,200,OK,BasicTest 1-21,text,true,,10931,283,1,1,http://localhost:8080/;jsessionid=node0i8nt8w3xe03ke19zeq2ifrby21.node0?0,20,0,1
1734944183331,20,Homepage visit-0,302,Found,BasicTest 1-21,,true,,590,116,1,1,http://localhost:8080/,20,0,1
1734944183351,2,Homepage visit-1,200,OK,BasicTest 1-21,text,true,,10341,167,1,1,http://localhost:8080/;jsessionid=node0i8nt8w3xe03ke19zeq2ifrby21.node0?0,2,0,0
1734944183387,20,Homepage visit,200,OK,BasicTest 1-22,text,true,,10941,285,1,1,http://localhost:8080/;jsessionid=node01vhojvubfyq361f4pamjqsre4122.node0?0,18,0,0
1734944183387,18,Homepage visit-0,302,Found,BasicTest 1-22,,true,,594,116,1,1,http://localhost:8080/,18,0,0
1734944183405,2,Homepage visit-1,200,OK,BasicTest 1-22,text,true,,10347,169,1,1,http://localhost:8080/;jsessionid=node01vhojvubfyq361f4pamjqsre4122.node0?0,2,0,0
1734944183443,19,Homepage visit,200,OK,BasicTest 1-23,text,true,,10941,285,1,1,http://localhost:8080/;jsessionid=node01oki52iy91anm1qmeec80t2jim23.node0?0,18,0,0
1734944183443,18,Homepage visit-0,302,Found,BasicTest 1-23,,true,,594,116,1,1,http://localhost:8080/,18,0,0
1734944183461,1,Homepage visit-1,200,OK,BasicTest 1-23,text,true,,10347,169,1,1,http://localhost:8080/;jsessionid=node01oki52iy91anm1qmeec80t2jim23.node0?0,1,0,0
1734944183497,21,Homepage visit,200,OK,BasicTest 1-24,text,true,,10931,283,1,1,http://localhost:8080/;jsessionid=node0a1k7ebaimdvbvp48ho7g1der24.node0?0,19,0,1
1734944183497,19,Homepage visit-0,302,Found,BasicTest 1-24,,true,,590,116,1,1,http://localhost:8080/,19,0,1
1734944183516,2,Homepage visit-1,200,OK,BasicTest 1-24,text,true,,10341,167,1,1,http://localhost:8080/;jsessionid=node0a1k7ebaimdvbvp48ho7g1der24.node0?0,2,0,0
1734944183553,21,Homepage visit,200,OK,BasicTest 1-25,text,true,,10936,284,1,1,http://localhost:8080/;jsessionid=node0wzvn53u0jnqp18z602c0i6w9p25.node0?0,19,0,1
1734944183553,19,Homepage visit-0,302,Found,BasicTest 1-25,,true,,592,116,1,1,http://localhost:8080/,19,0,1
1734944183572,2,Homepage visit-1,200,OK,BasicTest 1-25,text,true,,10344,168,1,1,http://localhost:8080/;jsessionid=node0wzvn53u0jnqp18z602c0i6w9p25.node0?0,2,0,0
1734944183608,24,Homepage visit,200,OK,BasicTest 1-26,text,true,,10936,284,1,1,http://localhost:8080/;jsessionid=node0rl4g9i3sry3z1h9bqdamji0s426.node0?0,22,0,1
1734944183608,22,Homepage visit-0,302,Found,BasicTest 1-26,,true,,592,116,1,1,http://localhost:8080/,22,0,1
1734944183630,2,Homepage visit-1,200,OK,BasicTest 1-26,text,true,,10344,168,1,1,http://localhost:8080/;jsessionid=node0rl4g9i3sry3z1h9bqdamji0s426.node0?0,2,0,0
1734944183661,22,Homepage visit,200,OK,BasicTest 1-27,text,true,,10931,283,1,1,http://localhost:8080/;jsessionid=node0ka9trwku7twflhdib21oi3z827.node0?0,20,0,1
1734944183661,20,Homepage visit-0,302,Found,BasicTest 1-27,,true,,590,116,1,1,http://localhost:8080/,20,0,1
1734944183681,2,Homepage visit-1,200,OK,BasicTest 1-27,text,true,,10341,167,1,1,http://localhost:8080/;jsessionid=node0ka9trwku7twflhdib21oi3z827.node0?0,2,0,0
1734944183713,24,Homepage visit,200,OK,BasicTest 1-28,text,true,,10936,284,1,1,http://localhost:8080/;jsessionid=node04ekm7qo2d2461eao5j9gufabq28.node0?0,22,0,1
1734944183713,22,Homepage visit-0,302,Found,BasicTest 1-28,,true,,592,116,1,1,http://localhost:8080/,22,0,1
1734944183735,2,Homepage visit-1,200,OK,BasicTest 1-28,text,true,,10344,168,1,1,http://localhost:8080/;jsessionid=node04ekm7qo2d2461eao5j9gufabq28.node0?0,2,0,0
1734944183767,25,Homepage visit,200,OK,BasicTest 1-29,text,true,,10936,284,1,1,http://localhost:8080/;jsessionid=node01oj3wpufk7edd4z248uvfkdg429.node0?0,24,0,1
1734944183767,24,Homepage visit-0,302,Found,BasicTest 1-29,,true,,592,116,1,1,http://localhost:8080/,24,0,1
1734944183791,1,Homepage visit-1,200,OK,BasicTest 1-29,text,true,,10344,168,1,1,http://localhost:8080/;jsessionid=node01oj3wpufk7edd4z248uvfkdg429.node0?0,1,0,0
1734944183818,48,Homepage visit,200,OK,BasicTest 1-30,text,true,,10936,284,1,1,http://localhost:8080/;jsessionid=node021tqfq9k0sbc1313bb3ww6jbb30.node0?0,46,0,1
1734944183818,46,Homepage visit-0,302,Found,BasicTest 1-30,,true,,592,116,1,1,http://localhost:8080/,46,0,1
1734944183864,2,Homepage visit-1,200,OK,BasicTest 1-30,text,true,,10344,168,1,1,http://localhost:8080/;jsessionid=node021tqfq9k0sbc1313bb3ww6jbb30.node0?0,2,0,0
1734944183867,29,Homepage visit,200,OK,BasicTest 1-31,text,true,,10936,284,1,1,http://localhost:8080/;jsessionid=node01gvwr7rhv7osxdngun8br0hi731.node0?0,27,0,1
1734944183867,27,Homepage visit-0,302,Found,BasicTest 1-31,,true,,592,116,1,1,http://localhost:8080/,27,0,1
1734944183894,2,Homepage visit-1,200,OK,BasicTest 1-31,text,true,,10344,168,1,1,http://localhost:8080/;jsessionid=node01gvwr7rhv7osxdngun8br0hi731.node0?0,2,0,0
1734944183923,30,Homepage visit,200,OK,BasicTest 1-32,text,true,,10936,284,1,1,http://localhost:8080/;jsessionid=node07q6ujctdlsyn1vq40mt523gto32.node0?0,28,0,0
1734944183923,28,Homepage visit-0,302,Found,BasicTest 1-32,,true,,592,116,1,1,http://localhost:8080/,28,0,0
1734944183951,2,Homepage visit-1,200,OK,BasicTest 1-32,text,true,,10344,168,1,1,http://localhost:8080/;jsessionid=node07q6ujctdlsyn1vq40mt523gto32.node0?0,1,0,0
1734944183977,35,Homepage visit,200,OK,BasicTest 1-33,text,true,,10936,284,1,1,http://localhost:8080/;jsessionid=node0flal7r8ww0g616iuwpddrl5ya33.node0?0,33,0,1
1734944183977,33,Homepage visit-0,302,Found,BasicTest 1-33,,true,,592,116,1,1,http://localhost:8080/,33,0,1
1734944184010,2,Homepage visit-1,200,OK,BasicTest 1-33,text,true,,10344,168,1,1,http://localhost:8080/;jsessionid=node0flal7r8ww0g616iuwpddrl5ya33.node0?0,2,0,0
1734944184029,21,Homepage visit,200,OK,BasicTest 1-34,text,true,,10936,284,1,1,http://localhost:8080/;jsessionid=node08svjgcvw6rce1csr03h0nmim534.node0?0,19,0,1
1734944184029,19,Homepage visit-0,302,Found,BasicTest 1-34,,true,,592,116,1,1,http://localhost:8080/,19,0,1
1734944184049,1,Homepage visit-1,200,OK,BasicTest 1-34,text,true,,10344,168,1,1,http://localhost:8080/;jsessionid=node08svjgcvw6rce1csr03h0nmim534.node0?0,1,0,0
1734944184080,28,Homepage visit,200,OK,BasicTest 1-35,text,true,,10936,284,1,1,http://localhost:8080/;jsessionid=node0r4jxc55q67qi1vx8ojyc6msbu35.node0?0,26,0,1
1734944184080,26,Homepage visit-0,302,Found,BasicTest 1-35,,true,,592,116,1,1,http://localhost:8080/,26,0,1
1734944184106,2,Homepage visit-1,200,OK,BasicTest 1-35,text,true,,10344,168,1,1,http://localhost:8080/;jsessionid=node0r4jxc55q67qi1vx8ojyc6msbu35.node0?0,2,0,0
1734944184131,32,Homepage visit,200,OK,BasicTest 1-36,text,true,,10931,283,1,1,http://localhost:8080/;jsessionid=node0qfu61nqr6ehsfqgloilb5vbg36.node0?0,30,0,1
1734944184131,30,Homepage visit-0,302,Found,BasicTest 1-36,,true,,590,116,1,1,http://localhost:8080/,30,0,1
1734944184162,1,Homepage visit-1,200,OK,BasicTest 1-36,text,true,,10341,167,1,1,http://localhost:8080/;jsessionid=node0qfu61nqr6ehsfqgloilb5vbg36.node0?0,1,0,0
1734944184182,43,Homepage visit,200,OK,BasicTest 1-37,text,true,,10936,284,1,1,http://localhost:8080/;jsessionid=node0akdmtiead3ak1kd3o174y2zmx37.node0?0,40,0,1
1734944184182,40,Homepage visit-0,302,Found,BasicTest 1-37,,true,,592,116,1,1,http://localhost:8080/,40,0,1
1734944184223,2,Homepage visit-1,200,OK,BasicTest 1-37,text,true,,10344,168,1,1,http://localhost:8080/;jsessionid=node0akdmtiead3ak1kd3o174y2zmx37.node0?0,2,0,0
1734944184237,19,Homepage visit,200,OK,BasicTest 1-38,text,true,,10936,284,1,1,http://localhost:8080/;jsessionid=node01cd2elz5f362bhbmazc5ovfly38.node0?0,18,0,0
1734944184237,18,Homepage visit-0,302,Found,BasicTest 1-38,,true,,592,116,1,1,http://localhost:8080/,18,0,0
1734944184255,1,Homepage visit-1,200,OK,BasicTest 1-38,text,true,,10344,168,1,1,http://localhost:8080/;jsessionid=node01cd2elz5f362bhbmazc5ovfly38.node0?0,1,0,0
1734944184289,19,Homepage visit,200,OK,BasicTest 1-39,text,true,,10936,284,1,1,http://localhost:8080/;jsessionid=node01p5k176rjdvgs6yf6ipp1qzd539.node0?0,18,0,0
1734944184289,18,Homepage visit-0,302,Found,BasicTest 1-39,,true,,592,116,1,1,http://localhost:8080/,18,0,0
1734944184307,1,Homepage visit-1,200,OK,BasicTest 1-39,text,true,,10344,168,1,1,http://localhost:8080/;jsessionid=node01p5k176rjdvgs6yf6ipp1qzd539.node0?0,1,0,0
1734944184341,23,Homepage visit,200,OK,BasicTest 1-40,text,true,,10936,284,1,1,http://localhost:8080/;jsessionid=node0s5nylrfihrpf10u6iyyfb36l240.node0?0,21,0,1
1734944184341,21,Homepage visit-0,302,Found,BasicTest 1-40,,true,,592,116,1,1,http://localhost:8080/,21,0,1
1734944184362,2,Homepage visit-1,200,OK,BasicTest 1-40,text,true,,10344,168,1,1,http://localhost:8080/;jsessionid=node0s5nylrfihrpf10u6iyyfb36l240.node0?0,1,0,0
1734944184393,24,Homepage visit,200,OK,BasicTest 1-41,text,true,,10936,284,1,1,http://localhost:8080/;jsessionid=node056oe0a9abrzw1rkorfirvjvpx41.node0?0,19,0,0
1734944184393,19,Homepage visit-0,302,Found,BasicTest 1-41,,true,,592,116,1,1,http://localhost:8080/,19,0,0
1734944184413,4,Homepage visit-1,200,OK,BasicTest 1-41,text,true,,10344,168,1,1,http://localhost:8080/;jsessionid=node056oe0a9abrzw1rkorfirvjvpx41.node0?0,4,0,0
1734944184446,21,Homepage visit,200,OK,BasicTest 1-42,text,true,,10936,284,1,1,http://localhost:8080/;jsessionid=node0lp5hfoq9zzd41nrocktc5dpx442.node0?0,19,0,1
1734944184446,19,Homepage visit-0,302,Found,BasicTest 1-42,,true,,592,116,1,1,http://localhost:8080/,19,0,1
1734944184466,1,Homepage visit-1,200,OK,BasicTest 1-42,text,true,,10344,168,1,1,http://localhost:8080/;jsessionid=node0lp5hfoq9zzd41nrocktc5dpx442.node0?0,1,0,0
1734944184497,20,Homepage visit,200,OK,BasicTest 1-43,text,true,,10931,283,1,1,http://localhost:8080/;jsessionid=node0gd151kts069gtzwki3xl4c4343.node0?0,19,0,1
1734944184497,19,Homepage visit-0,302,Found,BasicTest 1-43,,true,,590,116,1,1,http://localhost:8080/,19,0,1
1734944184516,1,Homepage visit-1,200,OK,BasicTest 1-43,text,true,,10341,167,1,1,http://localhost:8080/;jsessionid=node0gd151kts069gtzwki3xl4c4343.node0?0,1,0,0
1734944184547,17,Homepage visit,200,OK,BasicTest 1-44,text,true,,10936,284,1,1,http://localhost:8080/;jsessionid=node0alzgqgn2i27f1taw8v6db5zh344.node0?0,16,0,1
1734944184547,16,Homepage visit-0,302,Found,BasicTest 1-44,,true,,592,116,1,1,http://localhost:8080/,16,0,1
1734944184563,1,Homepage visit-1,200,OK,BasicTest 1-44,text,true,,10344,168,1,1,http://localhost:8080/;jsessionid=node0alzgqgn2i27f1taw8v6db5zh344.node0?0,1,0,0
1734944184597,44,Homepage visit,200,OK,BasicTest 1-45,text,true,,10936,284,1,1,http://localhost:8080/;jsessionid=node012kohjpj2ts7bf8un8qbftau445.node0?0,43,0,0
1734944184597,43,Homepage visit-0,302,Found,BasicTest 1-45,,true,,592,116,1,1,http://localhost:8080/,43,0,0
1734944184640,1,Homepage visit-1,200,OK,BasicTest 1-45,text,true,,10344,168,1,1,http://localhost:8080/;jsessionid=node012kohjpj2ts7bf8un8qbftau445.node0?0,1,0,0
1734944184647,19,Homepage visit,200,OK,BasicTest 1-46,text,true,,10936,284,1,1,http://localhost:8080/;jsessionid=node076xs1w2eu21n14hyxv161tgr346.node0?0,17,0,0
1734944184647,17,Homepage visit-0,302,Found,BasicTest 1-46,,true,,592,116,1,1,http://localhost:8080/,17,0,0
1734944184665,1,Homepage visit-1,200,OK,BasicTest 1-46,text,true,,10344,168,1,1,http://localhost:8080/;jsessionid=node076xs1w2eu21n14hyxv161tgr346.node0?0,1,0,0
1734944184700,18,Homepage visit,200,OK,BasicTest 1-47,text,true,,10931,283,1,1,http://localhost:8080/;jsessionid=node0qyhw5f7abdqol62xv1i99fqf47.node0?0,17,0,1
1734944184700,17,Homepage visit-0,302,Found,BasicTest 1-47,,true,,590,116,1,1,http://localhost:8080/,17,0,1
1734944184717,1,Homepage visit-1,200,OK,BasicTest 1-47,text,true,,10341,167,1,1,http://localhost:8080/;jsessionid=node0qyhw5f7abdqol62xv1i99fqf47.node0?0,1,0,0
1734944184754,17,Homepage visit,200,OK,BasicTest 1-48,text,true,,10936,284,1,1,http://localhost:8080/;jsessionid=node01hynkdl3wj8vhz9sxyg2zvdhs48.node0?0,15,0,1
1734944184754,15,Homepage visit-0,302,Found,BasicTest 1-48,,true,,592,116,1,1,http://localhost:8080/,15,0,1
1734944184770,1,Homepage visit-1,200,OK,BasicTest 1-48,text,true,,10344,168,1,1,http://localhost:8080/;jsessionid=node01hynkdl3wj8vhz9sxyg2zvdhs48.node0?0,1,0,0
1734944184804,21,Homepage visit,200,OK,BasicTest 1-49,text,true,,10936,284,1,1,http://localhost:8080/;jsessionid=node0pxwgjdeqmp441fa1fzzdv0ika49.node0?0,18,0,0
1734944184804,18,Homepage visit-0,302,Found,BasicTest 1-49,,true,,592,116,1,1,http://localhost:8080/,18,0,0
1734944184822,3,Homepage visit-1,200,OK,BasicTest 1-49,text,true,,10344,168,1,1,http://localhost:8080/;jsessionid=node0pxwgjdeqmp441fa1fzzdv0ika49.node0?0,3,0,0
1734944184857,20,Homepage visit,200,OK,BasicTest 1-50,text,true,,10936,284,1,1,http://localhost:8080/;jsessionid=node01l0bx5xnmkfi9zqy4tthray2950.node0?0,19,0,0
1734944184857,19,Homepage visit-0,302,Found,BasicTest 1-50,,true,,592,116,1,1,http://localhost:8080/,19,0,0
1734944184876,1,Homepage visit-1,200,OK,BasicTest 1-50,text,true,,10344,168,1,1,http://localhost:8080/;jsessionid=node01l0bx5xnmkfi9zqy4tthray2950.node0?0,1,0,0
1734944184906,16,Homepage visit,200,OK,BasicTest 1-51,text,true,,10936,284,1,1,http://localhost:8080/;jsessionid=node01frxqfmcidvc34az9mid6y7ww51.node0?0,15,0,0
1734944184906,15,Homepage visit-0,302,Found,BasicTest 1-51,,true,,592,116,1,1,http://localhost:8080/,15,0,0
1734944184921,1,Homepage visit-1,200,OK,BasicTest 1-51,text,true,,10344,168,1,1,http://localhost:8080/;jsessionid=node01frxqfmcidvc34az9mid6y7ww51.node0?0,1,0,0
1734944184957,16,Homepage visit,200,OK,BasicTest 1-52,text,true,,10936,284,1,1,http://localhost:8080/;jsessionid=node01gzmk9pge4hjafj11kkvv3ks852.node0?0,15,0,1
1734944184957,15,Homepage visit-0,302,Found,BasicTest 1-52,,true,,592,116,1,1,http://localhost:8080/,15,0,1
1734944184972,1,Homepage visit-1,200,OK,BasicTest 1-52,text,true,,10344,168,1,1,http://localhost:8080/;jsessionid=node01gzmk9pge4hjafj11kkvv3ks852.node0?0,1,0,0
1734944185006,20,Homepage visit,200,OK,BasicTest 1-53,text,true,,10936,284,1,1,http://localhost:8080/;jsessionid=node0hwr1xlb2htlw1hki3wwndrsr053.node0?0,18,0,1
1734944185006,18,Homepage visit-0,302,Found,BasicTest 1-53,,true,,592,116,1,1,http://localhost:8080/,18,0,1
1734944185024,2,Homepage visit-1,200,OK,BasicTest 1-53,text,true,,10344,168,1,1,http://localhost:8080/;jsessionid=node0hwr1xlb2htlw1hki3wwndrsr053.node0?0,2,0,0
1734944185059,21,Homepage visit,200,OK,BasicTest 1-54,text,true,,10936,284,1,1,http://localhost:8080/;jsessionid=node0n96fyagkcvo71julntc08xnla54.node0?0,19,0,1
1734944185059,19,Homepage visit-0,302,Found,BasicTest 1-54,,true,,592,116,1,1,http://localhost:8080/,19,0,1
1734944185078,2,Homepage visit-1,200,OK,BasicTest 1-54,text,true,,10344,168,1,1,http://localhost:8080/;jsessionid=node0n96fyagkcvo71julntc08xnla54.node0?0,2,0,0
1734944185107,18,Homepage visit,200,OK,BasicTest 1-55,text,true,,10936,284,1,1,http://localhost:8080/;jsessionid=node01fv4en5py4kwciml0xppb4rvn55.node0?0,17,0,1
1734944185107,17,Homepage visit-0,302,Found,BasicTest 1-55,,true,,592,116,1,1,http://localhost:8080/,17,0,1
1734944185124,1,Homepage visit-1,200,OK,BasicTest 1-55,text,true,,10344,168,1,1,http://localhost:8080/;jsessionid=node01fv4en5py4kwciml0xppb4rvn55.node0?0,1,0,0
1734944185158,19,Homepage visit,200,OK,BasicTest 1-56,text,true,,10936,284,1,1,http://localhost:8080/;jsessionid=node0fvui8qjmqtd01rqxglw07myda56.node0?0,17,0,1
1734944185158,17,Homepage visit-0,302,Found,BasicTest 1-56,,true,,592,116,1,1,http://localhost:8080/,17,0,1
1734944185175,2,Homepage visit-1,200,OK,BasicTest 1-56,text,true,,10344,168,1,1,http://localhost:8080/;jsessionid=node0fvui8qjmqtd01rqxglw07myda56.node0?0,1,0,0
1734944185212,19,Homepage visit,200,OK,BasicTest 1-57,text,true,,10941,285,1,1,http://localhost:8080/;jsessionid=node01v99y499mfujf145vucqvz6p9d57.node0?0,16,0,0
1734944185212,16,Homepage visit-0,302,Found,BasicTest 1-57,,true,,594,116,1,1,http://localhost:8080/,16,0,0
1734944185228,3,Homepage visit-1,200,OK,BasicTest 1-57,text,true,,10347,169,1,1,http://localhost:8080/;jsessionid=node01v99y499mfujf145vucqvz6p9d57.node0?0,3,0,0
1734944185265,20,Homepage visit,200,OK,BasicTest 1-58,text,true,,10936,284,1,1,http://localhost:8080/;jsessionid=node0f7lkmn1vcc351gxwj539attl058.node0?0,19,0,1
1734944185265,19,Homepage visit-0,302,Found,BasicTest 1-58,,true,,592,116,1,1,http://localhost:8080/,19,0,1
1734944185284,1,Homepage visit-1,200,OK,BasicTest 1-58,text,true,,10344,168,1,1,http://localhost:8080/;jsessionid=node0f7lkmn1vcc351gxwj539attl058.node0?0,1,0,0
1734944185315,17,Homepage visit,200,OK,BasicTest 1-59,text,true,,10936,284,1,1,http://localhost:8080/;jsessionid=node01gq08py6eoktwym2jfssqx7z259.node0?0,16,0,0
1734944185315,16,Homepage visit-0,302,Found,BasicTest 1-59,,true,,592,116,1,1,http://localhost:8080/,16,0,0
1734944185331,1,Homepage visit-1,200,OK,BasicTest 1-59,text,true,,10344,168,1,1,http://localhost:8080/;jsessionid=node01gq08py6eoktwym2jfssqx7z259.node0?0,1,0,0
1734944185368,17,Homepage visit,200,OK,BasicTest 1-60,text,true,,10936,284,1,1,http://localhost:8080/;jsessionid=node019fu4gjiqfccirykuxrdq09dv60.node0?0,15,0,1
1734944185368,15,Homepage visit-0,302,Found,BasicTest 1-60,,true,,592,116,1,1,http://localhost:8080/,15,0,1
1734944185383,2,Homepage visit-1,200,OK,BasicTest 1-60,text,true,,10344,168,1,1,http://localhost:8080/;jsessionid=node019fu4gjiqfccirykuxrdq09dv60.node0?0,2,0,0
1734944185417,18,Homepage visit,200,OK,BasicTest 1-61,text,true,,10936,284,1,1,http://localhost:8080/;jsessionid=node015bqyzq1pzry09f4o8wf4eb8f61.node0?0,15,0,1
1734944185417,15,Homepage visit-0,302,Found,BasicTest 1-61,,true,,592,116,1,1,http://localhost:8080/,15,0,1
1734944185433,2,Homepage visit-1,200,OK,BasicTest 1-61,text,true,,10344,168,1,1,http://localhost:8080/;jsessionid=node015bqyzq1pzry09f4o8wf4eb8f61.node0?0,1,0,0
1734944185470,17,Homepage visit,200,OK,BasicTest 1-62,text,true,,10941,285,1,1,http://localhost:8080/;jsessionid=node0156zok3u5uy2w1pdhma01egvra62.node0?0,15,0,0
1734944185470,15,Homepage visit-0,302,Found,BasicTest 1-62,,true,,594,116,1,1,http://localhost:8080/,15,0,0
1734944185485,2,Homepage visit-1,200,OK,BasicTest 1-62,text,true,,10347,169,1,1,http://localhost:8080/;jsessionid=node0156zok3u5uy2w1pdhma01egvra62.node0?0,2,0,0
1734944185522,20,Homepage visit,200,OK,BasicTest 1-63,text,true,,10931,283,1,1,http://localhost:8080/;jsessionid=node014qhcz7pj4lq7preqwvm1e1l63.node0?0,19,0,1
1734944185522,19,Homepage visit-0,302,Found,BasicTest 1-63,,true,,590,116,1,1,http://localhost:8080/,19,0,1
1734944185541,1,Homepage visit-1,200,OK,BasicTest 1-63,text,true,,10341,167,1,1,http://localhost:8080/;jsessionid=node014qhcz7pj4lq7preqwvm1e1l63.node0?0,1,0,0
1734944185573,18,Homepage visit,200,OK,BasicTest 1-64,text,true,,10936,284,1,1,http://localhost:8080/;jsessionid=node0llhnfez3d7ry1oeq0un225n6e64.node0?0,16,0,0
1734944185573,16,Homepage visit-0,302,Found,BasicTest 1-64,,true,,592,116,1,1,http://localhost:8080/,16,0,0
1734944185589,2,Homepage visit-1,200,OK,BasicTest 1-64,text,true,,10344,168,1,1,http://localhost:8080/;jsessionid=node0llhnfez3d7ry1oeq0un225n6e64.node0?0,2,0,0
1734944185623,18,Homepage visit,200,OK,BasicTest 1-65,text,true,,10931,283,1,1,http://localhost:8080/;jsessionid=node0cxns2dh6ut29wasl2x24tuct65.node0?0,17,0,0
1734944185623,17,Homepage visit-0,302,Found,BasicTest 1-65,,true,,590,116,1,1,http://localhost:8080/,17,0,0
1734944185640,1,Homepage visit-1,200,OK,BasicTest 1-65,text,true,,10341,167,1,1,http://localhost:8080/;jsessionid=node0cxns2dh6ut29wasl2x24tuct65.node0?0,1,0,0
1734944185672,16,Homepage visit,200,OK,BasicTest 1-66,text,true,,10936,284,1,1,http://localhost:8080/;jsessionid=node0flpi5el1och71ilda5cuyn4k166.node0?0,15,0,1
1734944185672,15,Homepage visit-0,302,Found,BasicTest 1-66,,true,,592,116,1,1,http://localhost:8080/,15,0,1
1734944185687,1,Homepage visit-1,200,OK,BasicTest 1-66,text,true,,10344,168,1,1,http://localhost:8080/;jsessionid=node0flpi5el1och71ilda5cuyn4k166.node0?0,1,0,0
1734944185724,17,Homepage visit,200,OK,BasicTest 1-67,text,true,,10941,285,1,1,http://localhost:8080/;jsessionid=node01aizjkv7lmdev1l05m5qprdald67.node0?0,16,0,1
1734944185724,16,Homepage visit-0,302,Found,BasicTest 1-67,,true,,594,116,1,1,http://localhost:8080/,16,0,1
1734944185740,1,Homepage visit-1,200,OK,BasicTest 1-67,text,true,,10347,169,1,1,http://localhost:8080/;jsessionid=node01aizjkv7lmdev1l05m5qprdald67.node0?0,1,0,0
1734944185775,19,Homepage visit,200,OK,BasicTest 1-68,text,true,,10936,284,1,1,http://localhost:8080/;jsessionid=node01lyses44npjlcro5w0zfatv8t68.node0?0,15,0,1
1734944185775,15,Homepage visit-0,302,Found,BasicTest 1-68,,true,,592,116,1,1,http://localhost:8080/,15,0,1
1734944185791,3,Homepage visit-1,200,OK,BasicTest 1-68,text,true,,10344,168,1,1,http://localhost:8080/;jsessionid=node01lyses44npjlcro5w0zfatv8t68.node0?0,3,0,0
1734944185824,17,Homepage visit,200,OK,BasicTest 1-69,text,true,,10931,283,1,1,http://localhost:8080/;jsessionid=node0cjadcfuovqdp83bq76ega2u169.node0?0,15,0,1
1734944185824,15,Homepage visit-0,302,Found,BasicTest 1-69,,true,,590,116,1,1,http://localhost:8080/,15,0,1
1734944185839,2,Homepage visit-1,200,OK,BasicTest 1-69,text,true,,10341,167,1,1,http://localhost:8080/;jsessionid=node0cjadcfuovqdp83bq76ega2u169.node0?0,2,0,0
1734944185876,18,Homepage visit,200,OK,BasicTest 1-70,text,true,,10936,284,1,1,http://localhost:8080/;jsessionid=node01pt1ivy6kfwkax2u70qzbxq7x70.node0?0,16,0,1
1734944185876,16,Homepage visit-0,302,Found,BasicTest 1-70,,true,,592,116,1,1,http://localhost:8080/,16,0,1
1734944185893,1,Homepage visit-1,200,OK,BasicTest 1-70,text,true,,10344,168,1,1,http://localhost:8080/;jsessionid=node01pt1ivy6kfwkax2u70qzbxq7x70.node0?0,1,0,0
1734944185923,18,Homepage visit,200,OK,BasicTest 1-71,text,true,,10931,283,1,1,http://localhost:8080/;jsessionid=node0totovm20ofvbhks1vgjxorss71.node0?0,17,0,1
1734944185923,17,Homepage visit-0,302,Found,BasicTest 1-71,,true,,590,116,1,1,http://localhost:8080/,17,0,1
1734944185940,1,Homepage visit-1,200,OK,BasicTest 1-71,text,true,,10341,167,1,1,http://localhost:8080/;jsessionid=node0totovm20ofvbhks1vgjxorss71.node0?0,1,0,0
1734944185973,27,Homepage visit,200,OK,BasicTest 1-72,text,true,,10936,284,1,1,http://localhost:8080/;jsessionid=node0182ogx0dr63suchyaedbt30ou72.node0?0,25,0,1
1734944185973,25,Homepage visit-0,302,Found,BasicTest 1-72,,true,,592,116,1,1,http://localhost:8080/,25,0,1
1734944185998,2,Homepage visit-1,200,OK,BasicTest 1-72,text,true,,10344,168,1,1,http://localhost:8080/;jsessionid=node0182ogx0dr63suchyaedbt30ou72.node0?0,1,0,0
1734944186023,18,Homepage visit,200,OK,BasicTest 1-73,text,true,,10931,283,1,1,http://localhost:8080/;jsessionid=node0ry3zzng9vrwxmyrau93kmtrl73.node0?0,16,0,1
1734944186023,16,Homepage visit-0,302,Found,BasicTest 1-73,,true,,590,116,1,1,http://localhost:8080/,16,0,1
1734944186039,2,Homepage visit-1,200,OK,BasicTest 1-73,text,true,,10341,167,1,1,http://localhost:8080/;jsessionid=node0ry3zzng9vrwxmyrau93kmtrl73.node0?0,2,0,0
1734944186072,15,Homepage visit,200,OK,BasicTest 1-74,text,true,,10936,284,1,1,http://localhost:8080/;jsessionid=node01me79a9vghrk4ojnsejany25p74.node0?0,14,0,0
1734944186072,14,Homepage visit-0,302,Found,BasicTest 1-74,,true,,592,116,1,1,http://localhost:8080/,14,0,0
1734944186086,1,Homepage visit-1,200,OK,BasicTest 1-74,text,true,,10344,168,1,1,http://localhost:8080/;jsessionid=node01me79a9vghrk4ojnsejany25p74.node0?0,1,0,0
1734944186119,15,Homepage visit,200,OK,BasicTest 1-75,text,true,,10936,284,1,1,http://localhost:8080/;jsessionid=node0iktizlo9jnez1t92om6y0ajvt75.node0?0,14,0,1
1734944186119,14,Homepage visit-0,302,Found,BasicTest 1-75,,true,,592,116,1,1,http://localhost:8080/,14,0,1
1734944186133,1,Homepage visit-1,200,OK,BasicTest 1-75,text,true,,10344,168,1,1,http://localhost:8080/;jsessionid=node0iktizlo9jnez1t92om6y0ajvt75.node0?0,1,0,0
1734944186167,19,Homepage visit,200,OK,BasicTest 1-76,text,true,,10936,284,1,1,http://localhost:8080/;jsessionid=node07lbyi1ix7o7y10m38awnbx2go76.node0?0,17,0,1
1734944186167,17,Homepage visit-0,302,Found,BasicTest 1-76,,true,,592,116,1,1,http://localhost:8080/,17,0,1
1734944186184,2,Homepage visit-1,200,OK,BasicTest 1-76,text,true,,10344,168,1,1,http://localhost:8080/;jsessionid=node07lbyi1ix7o7y10m38awnbx2go76.node0?0,2,0,0
1734944186216,18,Homepage visit,200,OK,BasicTest 1-77,text,true,,10936,284,1,1,http://localhost:8080/;jsessionid=node016majckoevir2o0sjqs1l9pxa77.node0?0,16,0,1
1734944186216,16,Homepage visit-0,302,Found,BasicTest 1-77,,true,,592,116,1,1,http://localhost:8080/,16,0,1
1734944186232,2,Homepage visit-1,200,OK,BasicTest 1-77,text,true,,10344,168,1,1,http://localhost:8080/;jsessionid=node016majckoevir2o0sjqs1l9pxa77.node0?0,2,0,0
1734944186264,17,Homepage visit,200,OK,BasicTest 1-78,text,true,,10936,284,1,1,http://localhost:8080/;jsessionid=node01gekww6i4qdavtdl1trvjgfpv78.node0?0,15,0,1
1734944186264,15,Homepage visit-0,302,Found,BasicTest 1-78,,true,,592,116,1,1,http://localhost:8080/,15,0,1
1734944186280,1,Homepage visit-1,200,OK,BasicTest 1-78,text,true,,10344,168,1,1,http://localhost:8080/;jsessionid=node01gekww6i4qdavtdl1trvjgfpv78.node0?0,1,0,0
1734944186314,19,Homepage visit,200,OK,BasicTest 1-79,text,true,,10941,285,1,1,http://localhost:8080/;jsessionid=node01svuot7xwd6o71fqh5ijg5hjv779.node0?0,18,0,1
1734944186314,18,Homepage visit-0,302,Found,BasicTest 1-79,,true,,594,116,1,1,http://localhost:8080/,18,0,1
1734944186332,1,Homepage visit-1,200,OK,BasicTest 1-79,text,true,,10347,169,1,1,http://localhost:8080/;jsessionid=node01svuot7xwd6o71fqh5ijg5hjv779.node0?0,1,0,0
1734944186363,27,Homepage visit,200,OK,BasicTest 1-80,text,true,,10936,284,1,1,http://localhost:8080/;jsessionid=node018fgb95vdcigqyxorszgpnjlw80.node0?0,24,0,1
1734944186363,24,Homepage visit-0,302,Found,BasicTest 1-80,,true,,592,116,1,1,http://localhost:8080/,24,0,1
1734944186387,3,Homepage visit-1,200,OK,BasicTest 1-80,text,true,,10344,168,1,1,http://localhost:8080/;jsessionid=node018fgb95vdcigqyxorszgpnjlw80.node0?0,3,0,0
1734944186414,45,Homepage visit,200,OK,BasicTest 1-81,text,true,,10941,285,1,1,http://localhost:8080/;jsessionid=node01f0mg33xqnep311ec8550bpql381.node0?0,43,0,1
1734944186414,43,Homepage visit-0,302,Found,BasicTest 1-81,,true,,594,116,1,1,http://localhost:8080/,43,0,1
1734944186457,2,Homepage visit-1,200,OK,BasicTest 1-81,text,true,,10347,169,1,1,http://localhost:8080/;jsessionid=node01f0mg33xqnep311ec8550bpql381.node0?0,1,0,0
1734944186460,17,Homepage visit,200,OK,BasicTest 1-82,text,true,,10936,284,1,1,http://localhost:8080/;jsessionid=node01c7tbw92utm132fgau5rryui882.node0?0,16,0,0
1734944186460,16,Homepage visit-0,302,Found,BasicTest 1-82,,true,,592,116,1,1,http://localhost:8080/,16,0,0
1734944186476,1,Homepage visit-1,200,OK,BasicTest 1-82,text,true,,10344,168,1,1,http://localhost:8080/;jsessionid=node01c7tbw92utm132fgau5rryui882.node0?0,1,0,0
1734944186508,16,Homepage visit,200,OK,BasicTest 1-83,text,true,,10931,283,1,1,http://localhost:8080/;jsessionid=node06kmgpudim9sqjp0qsjw4g8c983.node0?0,15,0,0
1734944186508,15,Homepage visit-0,302,Found,BasicTest 1-83,,true,,590,116,1,1,http://localhost:8080/,15,0,0
1734944186523,1,Homepage visit-1,200,OK,BasicTest 1-83,text,true,,10341,167,1,1,http://localhost:8080/;jsessionid=node06kmgpudim9sqjp0qsjw4g8c983.node0?0,1,0,0
1734944186555,18,Homepage visit,200,OK,BasicTest 1-84,text,true,,10931,283,1,1,http://localhost:8080/;jsessionid=node04hgglf5luihzigatvjb6e15984.node0?0,16,0,0
1734944186555,16,Homepage visit-0,302,Found,BasicTest 1-84,,true,,590,116,1,1,http://localhost:8080/,16,0,0
1734944186571,2,Homepage visit-1,200,OK,BasicTest 1-84,text,true,,10341,167,1,1,http://localhost:8080/;jsessionid=node04hgglf5luihzigatvjb6e15984.node0?0,2,0,0
1734944186606,20,Homepage visit,200,OK,BasicTest 1-85,text,true,,10936,284,1,1,http://localhost:8080/;jsessionid=node01rlfpuw7z7rup3p2tgng2onhh85.node0?0,19,0,1
1734944186606,19,Homepage visit-0,302,Found,BasicTest 1-85,,true,,592,116,1,1,http://localhost:8080/,19,0,1
1734944186625,1,Homepage visit-1,200,OK,BasicTest 1-85,text,true,,10344,168,1,1,http://localhost:8080/;jsessionid=node01rlfpuw7z7rup3p2tgng2onhh85.node0?0,1,0,0
1734944186655,17,Homepage visit,200,OK,BasicTest 1-86,text,true,,10941,285,1,1,http://localhost:8080/;jsessionid=node01477t9r776yvi1vexxsh7jwcon86.node0?0,15,0,1
1734944186655,15,Homepage visit-0,302,Found,BasicTest 1-86,,true,,594,116,1,1,http://localhost:8080/,15,0,1
1734944186671,1,Homepage visit-1,200,OK,BasicTest 1-86,text,true,,10347,169,1,1,http://localhost:8080/;jsessionid=node01477t9r776yvi1vexxsh7jwcon86.node0?0,1,0,0
1734944186699,15,Homepage visit,200,OK,BasicTest 1-87,text,true,,10931,283,1,1,http://localhost:8080/;jsessionid=node0ak47cgt3hbgo2fkkiqok9zeh87.node0?0,14,0,0
1734944186699,14,Homepage visit-0,302,Found,BasicTest 1-87,,true,,590,116,1,1,http://localhost:8080/,14,0,0
1734944186713,1,Homepage visit-1,200,OK,BasicTest 1-87,text,true,,10341,167,1,1,http://localhost:8080/;jsessionid=node0ak47cgt3hbgo2fkkiqok9zeh87.node0?0,1,0,0
1734944186742,16,Homepage visit,200,OK,BasicTest 1-88,text,true,,10936,284,1,1,http://localhost:8080/;jsessionid=node0k6x9ag80bmt31wzjhvnktf9wk88.node0?0,14,0,1
1734944186742,14,Homepage visit-0,302,Found,BasicTest 1-88,,true,,592,116,1,1,http://localhost:8080/,14,0,1
1734944186757,1,Homepage visit-1,200,OK,BasicTest 1-88,text,true,,10344,168,1,1,http://localhost:8080/;jsessionid=node0k6x9ag80bmt31wzjhvnktf9wk88.node0?0,1,0,0
1734944186789,16,Homepage visit,200,OK,BasicTest 1-89,text,true,,10931,283,1,1,http://localhost:8080/;jsessionid=node0hlvjvbhmr5nwkevzgmf1yisc89.node0?0,14,0,1
1734944186789,14,Homepage visit-0,302,Found,BasicTest 1-89,,true,,590,116,1,1,http://localhost:8080/,14,0,1
1734944186803,2,Homepage visit-1,200,OK,BasicTest 1-89,text,true,,10341,167,1,1,http://localhost:8080/;jsessionid=node0hlvjvbhmr5nwkevzgmf1yisc89.node0?0,2,0,0
1734944186838,18,Homepage visit,200,OK,BasicTest 1-90,text,true,,10931,283,1,1,http://localhost:8080/;jsessionid=node016rr3l3oki4xx55jejros4gt90.node0?0,16,0,1
1734944186838,16,Homepage visit-0,302,Found,BasicTest 1-90,,true,,590,116,1,1,http://localhost:8080/,16,0,1
1734944186854,2,Homepage visit-1,200,OK,BasicTest 1-90,text,true,,10341,167,1,1,http://localhost:8080/;jsessionid=node016rr3l3oki4xx55jejros4gt90.node0?0,2,0,0
1734944186884,19,Homepage visit,200,OK,BasicTest 1-91,text,true,,10936,284,1,1,http://localhost:8080/;jsessionid=node0t6wn26mi53oz1d6huwr6v8uis91.node0?0,17,0,1
1734944186884,17,Homepage visit-0,302,Found,BasicTest 1-91,,true,,592,116,1,1,http://localhost:8080/,17,0,1
1734944186901,2,Homepage visit-1,200,OK,BasicTest 1-91,text,true,,10344,168,1,1,http://localhost:8080/;jsessionid=node0t6wn26mi53oz1d6huwr6v8uis91.node0?0,1,0,0
1734944186928,16,Homepage visit,200,OK,BasicTest 1-92,text,true,,10936,284,1,1,http://localhost:8080/;jsessionid=node01c5q5p3put8fcx009zv06ck3d92.node0?0,15,0,0
1734944186928,15,Homepage visit-0,302,Found,BasicTest 1-92,,true,,592,116,1,1,http://localhost:8080/,15,0,0
1734944186943,1,Homepage visit-1,200,OK,BasicTest 1-92,text,true,,10344,168,1,1,http://localhost:8080/;jsessionid=node01c5q5p3put8fcx009zv06ck3d92.node0?0,1,0,0
1734944186974,17,Homepage visit,200,OK,BasicTest 1-93,text,true,,10936,284,1,1,http://localhost:8080/;jsessionid=node0yu2z8aebegpi1p507kpylge2h93.node0?0,15,0,1
1734944186974,15,Homepage visit-0,302,Found,BasicTest 1-93,,true,,592,116,1,1,http://localhost:8080/,15,0,1
1734944186990,1,Homepage visit-1,200,OK,BasicTest 1-93,text,true,,10344,168,1,1,http://localhost:8080/;jsessionid=node0yu2z8aebegpi1p507kpylge2h93.node0?0,1,0,0
1734944187016,17,Homepage visit,200,OK,BasicTest 1-94,text,true,,10941,285,1,1,http://localhost:8080/;jsessionid=node01axmp5h9h72z91x5jb01zr1kkt94.node0?0,15,0,1
1734944187016,15,Homepage visit-0,302,Found,BasicTest 1-94,,true,,594,116,1,1,http://localhost:8080/,15,0,1
1734944187031,2,Homepage visit-1,200,OK,BasicTest 1-94,text,true,,10347,169,1,1,http://localhost:8080/;jsessionid=node01axmp5h9h72z91x5jb01zr1kkt94.node0?0,2,0,0
1734944187062,21,Homepage visit,200,OK,BasicTest 1-95,text,true,,10936,284,1,1,http://localhost:8080/;jsessionid=node01psfz90fkm3qazixv6rmcan2k95.node0?0,19,0,1
1734944187062,19,Homepage visit-0,302,Found,BasicTest 1-95,,true,,592,116,1,1,http://localhost:8080/,19,0,1
1734944187081,2,Homepage visit-1,200,OK,BasicTest 1-95,text,true,,10344,168,1,1,http://localhost:8080/;jsessionid=node01psfz90fkm3qazixv6rmcan2k95.node0?0,2,0,0
1734944187109,18,Homepage visit,200,OK,BasicTest 1-96,text,true,,10936,284,1,1,http://localhost:8080/;jsessionid=node0q79cjkhjroyt150x228bunn6p96.node0?0,16,0,0
1734944187109,16,Homepage visit-0,302,Found,BasicTest 1-96,,true,,592,116,1,1,http://localhost:8080/,16,0,0
1734944187125,2,Homepage visit-1,200,OK,BasicTest 1-96,text,true,,10344,168,1,1,http://localhost:8080/;jsessionid=node0q79cjkhjroyt150x228bunn6p96.node0?0,1,0,0
1734944187148,75,Homepage visit,200,OK,BasicTest 1-97,text,true,,10941,285,2,2,http://localhost:8080/;jsessionid=node01i29ztoqobgwe1l4dj3dfaztz297.node0?0,72,0,1
1734944187148,72,Homepage visit-0,302,Found,BasicTest 1-97,,true,,594,116,2,2,http://localhost:8080/,72,0,1
1734944187221,2,Homepage visit-1,200,OK,BasicTest 1-97,text,true,,10347,169,2,2,http://localhost:8080/;jsessionid=node01i29ztoqobgwe1l4dj3dfaztz297.node0?0,2,0,0
1734944187189,44,Homepage visit,200,OK,BasicTest 1-98,text,true,,10931,283,2,2,http://localhost:8080/;jsessionid=node09j9stnvk2mygzwum9l0gxmmb98.node0?0,40,0,1
1734944187189,40,Homepage visit-0,302,Found,BasicTest 1-98,,true,,590,116,2,2,http://localhost:8080/,40,0,1
1734944187229,4,Homepage visit-1,200,OK,BasicTest 1-98,text,true,,10341,167,2,2,http://localhost:8080/;jsessionid=node09j9stnvk2mygzwum9l0gxmmb98.node0?0,4,0,0
1734944187225,21,Homepage visit,200,OK,BasicTest 1-99,text,true,,10936,284,1,1,http://localhost:8080/;jsessionid=node0g0ik1thdcmfi1pzelpj14gkk999.node0?0,19,0,0
1734944187225,19,Homepage visit-0,302,Found,BasicTest 1-99,,true,,592,116,1,1,http://localhost:8080/,19,0,0
1734944187244,2,Homepage visit-1,200,OK,BasicTest 1-99,text,true,,10344,168,1,1,http://localhost:8080/;jsessionid=node0g0ik1thdcmfi1pzelpj14gkk999.node0?0,2,0,0
1734944187263,16,Homepage visit,200,OK,BasicTest 1-100,text,true,,10941,285,1,1,http://localhost:8080/;jsessionid=node01kspoo7qbilzkti45odwzhpwb100.node0?0,15,0,0
1734944187263,15,Homepage visit-0,302,Found,BasicTest 1-100,,true,,594,116,1,1,http://localhost:8080/,15,0,0
1734944187278,1,Homepage visit-1,200,OK,BasicTest 1-100,text,true,,10347,169,1,1,http://localhost:8080/;jsessionid=node01kspoo7qbilzkti45odwzhpwb100.node0?0,1,0,0
